Workbook

Sheet Advertising
A1: Ad_ID | B1: TV | C1: Radio | D1: Newspaper | E1: Sales | F1: TV_Spend_Level
A2: 1 | B2: 230.1 | C2: 37.8 | D2: 69.2 | E2: 22.1 | F2: =IF(B2>200,"High",IF(B2>=100,"Medium","Low")) -> High
A3: 2 | B3: 44.5 | C3: 39.3 | D3: 45.1 | E3: 10.4 | F3: =IF(B3>200,"High",IF(B3>=100,"Medium","Low")) -> Low
A4: 3 | B4: 17.2 | C4: 45.9 | D4: 69.3 | E4: 9.3 | F4: =IF(B4>200,"High",IF(B4>=100,"Medium","Low")) -> Low
A5: 4 | B5: 151.5 | C5: 41.3 | D5: 58.5 | E5: 18.5 | F5: =IF(B5>200,"High",IF(B5>=100,"Medium","Low")) -> Medium
A6: 5 | B6: 180.8 | C6: 10.8 | D6: 58.4 | E6: 12.9 | F6: =IF(B6>200,"High",IF(B6>=100,"Medium","Low")) -> Medium
A7: 6 | B7: 8.7 | C7: 48.9 | D7: 75 | E7: 7.2 | F7: =IF(B7>200,"High",IF(B7>=100,"Medium","Low")) -> Low
A8: 7 | B8: 57.5 | C8: 32.8 | D8: 23.5 | E8: 11.8 | F8: =IF(B8>200,"High",IF(B8>=100,"Medium","Low")) -> Low
A9: 8 | B9: 120.2 | C9: 19.6 | D9: 11.6 | E9: 13.2 | F9: =IF(B9>200,"High",IF(B9>=100,"Medium","Low")) -> Medium
A10: 9 | B10: 8.6 | C10: 2.1 | D10: 1 | E10: 4.8 | F10: =IF(B10>200,"High",IF(B10>=100,"Medium","Low")) -> Low
A11: 10 | B11: 199.8 | C11: 2.6 | D11: 21.2 | E11: 10.6 | F11: =IF(B11>200,"High",IF(B11>=100,"Medium","Low")) -> Medium
A12: 11 | B12: 66.1 | C12: 5.8 | D12: 24.2 | E12: 8.6 | F12: =IF(B12>200,"High",IF(B12>=100,"Medium","Low")) -> Low
A13: 12 | B13: 214.7 | C13: 24 | D13: 4 | E13: 17.4 | F13: =IF(B13>200,"High",IF(B13>=100,"Medium","Low")) -> High
... A201: 200 | B201: 232.1 | C201: 8.6 | D201: 8.7 | E201: 13.4 | F201: =IF(B201>200,"High",IF(B201>=100,"Medium","Low")) -> High

Sheet Descriptive_Statistics
A1: Metric | B1: TV | C1: Radio | D1: Newspaper
A2: Mean | B2: =AVERAGE(Advertising!B2:B201) -> 147.0425 | C2: =AVERAGE(Advertising!C2:C201) -> 23.264 | D2: =AVERAGE(Advertising!D2:D201) -> 30.554
A3: Median | B3: =MEDIAN(Advertising!B2:B201) -> 149.75 | C3: =MEDIAN(Advertising!C2:C201) -> 22.9 | D3: =MEDIAN(Advertising!D2:D201) -> 25.75
A4: Std_Dev | B4: =_xlfn.STDEV.P(Advertising!B2:B201) -> 85.639332 | C4: =_xlfn.STDEV.P(Advertising!C2:C201) -> 14.809646 | D4: =_xlfn.STDEV.P(Advertising!D2:D201) -> 21.724106
A5: Variance | B5: =_xlfn.VAR.P(Advertising!B2:B201) -> 7334.0951 | C5: =_xlfn.VAR.P(Advertising!C2:C201) -> 219.3256 | D5: =_xlfn.VAR.P(Advertising!D2:D201) -> 471.93678
A6: Minimum | B6: =MIN(Advertising!B2:B201) -> 0.7 | C6: =MIN(Advertising!C2:C201) -> 0 | D6: =MIN(Advertising!D2:D201) -> 0.3
A7: Maximum | B7: =MAX(Advertising!B2:B201) -> 296.4 | C7: =MAX(Advertising!C2:C201) -> 49.6 | D7: =MAX(Advertising!D2:D201) -> 114
A8: Range | B8: =B7-B6 -> 295.7 | C8: =C7-C6 -> 49.6 | D8: =D7-D6 -> 113.7

Sheet Correlation_Analysis
A1: Channel | B1: Correlation_with_Sales
A2: TV | B2: =CORREL(Advertising!B2:B201, Advertising!E2:E201) -> 0.78222442
A3: Radio | B3: =CORREL(Advertising!C2:C201, Advertising!E2:E201) -> 0.57622257
A4: Newspaper | B4: =CORREL(Advertising!D2:D201, Advertising!E2:E201) -> 0.22829903

Sheet ROI_Analysis
A1: Channel | B1: Total_Spend | C1: Total_Sales | D1: ROI
A2: TV | B2: =SUM(Advertising!B2:B201) -> 29408.5 | C2: =SUM(Advertising!E2:E201) -> 2804.5 | D2: =C2/B2 -> 0.095363585
A3: Radio | B3: =SUM(Advertising!C2:C201) -> 4652.8 | C3: =SUM(Advertising!E2:E201) -> 2804.5 | D3: =C3/B3 -> 0.60275533
A4: Newspaper | B4: =SUM(Advertising!D2:D201) -> 6110.8 | C4: =SUM(Advertising!E2:E201) -> 2804.5 | D4: =C4/B4 -> 0.45894155

Sheet Dashboard
A1: Total Sales | B1: Total Marketing Spend | C1: Average Sales
A2: =SUM(Advertising!E2:E201) -> 2804.5 | B2: =SUM(Advertising!B2:B201) + SUM(Advertising!C2:C201) + SUM(Advertising!D2:D201) -> 40172.1 | C2: =AVERAGE(Advertising!E2:E201) -> 14.0225
A10: Channel | B10: Total_Spend
A11: TV | B11: =SUM(Advertising!B2:B201) -> 29408.5
A12: Radio | B12: =SUM(Advertising!C2:C201) -> 4652.8
A13: Newspaper | B13: =SUM(Advertising!D2:D201) -> 6110.8
G38: Row Labels | H38: Average of Sales
G39: High | H39: 18.39403
G40: Low | H40: 9.2271429
G41: Medium | H41: 14.701587
G42: Grand Total | H42: 14.0225
